DROP DATABASE IF EXISTS `comp440`;
CREATE DATABASE `comp440`;
USE `comp440`;
DROP TABLE IF EXISTS `users`;
CREATE TABLE `users` (`username` varchar(20) NOT NULL,`password` varchar(45) NOT NULL,`firstName` varchar(45) NOT NULL,`lastName` varchar(45) NOT NULL,`email` varchar(100) NOT NULL UNIQUE,`hobby` varchar(20), PRIMARY KEY (`username`));
INSERT INTO `users` VALUES('comp440','pass1234','user','one','test1@gmail.com', 'Hiking');
INSERT INTO `users` VALUES('comp440-2','pass1234','user','two','test2@gmail.com', 'Bowling');
INSERT INTO `users` VALUES('comp440-3','pass1234','user','three','test3@gmail.com', 'Movie');
INSERT INTO `users` VALUES('comp440-4','pass1234','user','four','test4@gmail.com', 'Hiking');
INSERT INTO `users` VALUES('comp440-5','pass1234','user','five','test5@gmail.com', 'Dancing');
INSERT INTO `users` VALUES('comp440-6','pass1234','user','six','test6@gmail.com', 'Dancing');
INSERT INTO `users` VALUES('comp440-7','pass1234','user','seven','test7@gmail.com', 'Cooking');
INSERT INTO `users` VALUES('comp440-8','pass1234','user','eight','test8@gmail.com', 'Cooking');
INSERT INTO `users` VALUES('comp440-9','pass1234','user','nine','test9@gmail.com', 'Movie');
DROP TABLE IF EXISTS `blogs`;
CREATE TABLE `blogs` (`blogid` INT NOT NULL AUTO_INCREMENT,`author` varchar(20) NOT NULL,`subject` TEXT NOT NULL,`description` TEXT NOT NULL,`creationDate` DATE DEFAULT (CURRENT_DATE), PRIMARY KEY (`blogid`), FOREIGN KEY (author) REFERENCES users(username));
INSERT INTO `blogs` VALUES('1','comp440','Subject 1','This is the first made up blog', '2022-1-5');
INSERT INTO `blogs` VALUES('2','comp440','Subject 2','This is the second made up blog', '2022-1-5');
INSERT INTO `blogs` VALUES('3','comp440-3','Subject 3','This is the third made up blog', '2022-1-5');
INSERT INTO `blogs` VALUES('4','comp440-3','Subject 4','This is the fourth made up blog', '2022-1-5');
INSERT INTO `blogs` VALUES('5','comp440-5','Subject 5','This is the fifth made up blog', '2022-1-5');
INSERT INTO `blogs` VALUES('6','comp440-6','Subject 6','This is the sixth made up blog', DEFAULT);
INSERT INTO `blogs` VALUES('7','comp440-7','Subject 7','This is the seventh made up blog', DEFAULT);
DROP TABLE IF EXISTS `comments`;
CREATE TABLE `comments` (`commentid` INT NOT NULL AUTO_INCREMENT, `author` varchar(20) NOT NULL, `blogid` INT NOT NULL, `sentiment` varchar(20) NOT NULL,`description` TEXT NOT NULL,`creationDate` DATE DEFAULT (CURRENT_DATE), PRIMARY KEY (`commentid`), FOREIGN KEY (author) REFERENCES users(username), FOREIGN KEY (blogid) REFERENCES blogs(blogid));
INSERT INTO `comments` VALUES('1','comp440','2','positive','This is the first comment', DEFAULT);
INSERT INTO `comments` VALUES('2','comp440-2','1','positive','This is the second comment', DEFAULT);
INSERT INTO `comments` VALUES('3','comp440-3','4','positive','This is the third comment', DEFAULT);
INSERT INTO `comments` VALUES('4','comp440-4','3','positive','This is the fourth comment', DEFAULT);
INSERT INTO `comments` VALUES('5','comp440-5','6','positive','This is the fifth comment', DEFAULT);
INSERT INTO `comments` VALUES('6','comp440-6','7','positive','This is the sixth comment', DEFAULT);
INSERT INTO `comments` VALUES('7','comp440-7','5','positive','This is the seventh comment', DEFAULT);
INSERT INTO `comments` VALUES('8','comp440-8','5','negative','This is the eight comment', DEFAULT);
DROP TABLE IF EXISTS `follows`;
CREATE TABLE `follows` (`follower` varchar(20) NOT NULL, `followee` varchar(20) NOT NULL, PRIMARY KEY (follower, followee), FOREIGN KEY (follower) REFERENCES users(username), FOREIGN KEY (followee) REFERENCES users(username));
INSERT INTO `follows` VALUES('comp440', 'comp440-2');
INSERT INTO `follows` VALUES('comp440-2', 'comp440-3');
INSERT INTO `follows` VALUES('comp440-3', 'comp440');
INSERT INTO `follows` VALUES('comp440-4', 'comp440-3');
INSERT INTO `follows` VALUES('comp440-5', 'comp440-3');
INSERT INTO `follows` VALUES('comp440-6', 'comp440-3');
INSERT INTO `follows` VALUES('comp440-7', 'comp440-2');
DROP TABLE IF EXISTS `tags`;
CREATE TABLE `tags` (`tag` varchar(20) NOT NULL, `blogid` INT NOT NULL, PRIMARY KEY (tag, blogid), FOREIGN KEY (blogid) REFERENCES blogs(blogid));
INSERT INTO `tags` VALUES('first', '1');
INSERT INTO `tags` VALUES('second', '2');
INSERT INTO `tags` VALUES('third', '3');
INSERT INTO `tags` VALUES('fourth', '4');
INSERT INTO `tags` VALUES('fifth', '5');
INSERT INTO `tags` VALUES('sixth', '6');
INSERT INTO `tags` VALUES('seventh', '7');
DROP TABLE IF EXISTS `rand`;
CREATE TABLE `rand` (`random` varchar(20) NOT NULL);
INSERT INTO `rand` VALUES('random');